id,country,airports
3,United States,"13,513"
5,Brazil,"4,093"
14,Mexico,"1,714"
2,Canada,"1,467"
1,Russia,"1,218"
8,Argentina,"1,138"
28,Bolivia,855
26,Colombia,836
60,Paraguay,799
15,Indonesia,673
25,South Africa,566
55,Papua New Guinea,561
63,Germany,539
4,China,507
38,Chile,481
6,Australia,480
43,France,464
80,United Kingdom,460
33,Venezuela,444
74,Ecuador,432
7,India,346
18,Iran,319
107,Guatemala,291
73,Philippines,247
56,Sweden,231
13,Saudi Arabia,214
11,"Congo, Democratic Republic of the",198
49,Kenya,197
61,Zimbabwe,196
20,Peru,191
46,Ukraine,187
23,Angola,176
62,Japan,175
31,Tanzania,166
130,Costa Rica,161
10,Algeria,157
36,Pakistan,151
52,Spain,150
65,Finland,148
98,Nicaragua,147
17,Libya,146
106,Cuba,133
91,Uruguay,133
71,Oman,132
72,Italy,129
116,Czech Republic,128
70,Poland,126
76,New Zealand,123
118,Panama,117
85,Guyana,117
67,Malaysia,114
34,Namibia,112
109,"Korea, South",111
103,Honduras,103
59,Iraq,102
51,Thailand,101
35,Mozambique,98
37,Turkey,98
108,Iceland,96
9,Kazakhstan,96
68,Norway,95
89,Syria,90
39,Zambia,88
42,South Sudan,85
30,Egypt,83
47,Madagascar,83
99,"Korea, North",82
134,Denmark,80
97,Greece,77
16,Sudan,74
48,Botswana,74
127,Croatia,69
153,El Salvador,68
105,Bulgaria,68
86,Belarus,65
111,Portugal,64
40,Burma,64
136,Switzerland,63
161,"Bahamas, The",61
44,Somalia,61
123,Lithuania,61
21,Chad,59
50,Yemen,57
27,Ethiopia,57
92,Suriname,55
58,Morocco,55
32,Nigeria,54
175,French Polynesia,54
57,Uzbekistan,53
114,Austria,52
41,Afghanistan,52
152,Belize,47
81,Uganda,47
94,Nepal,47
154,Israel,47
66,Vietnam,45
83,Romania,45
19,Mongolia,44
77,Gabon,44
115,United Arab Emirates,43
124,Latvia,42
141,Belgium,41
84,Laos,41
110,Hungary,41
120,Ireland,40
45,Central African Republic,39
139,Taiwan,37
113,Azerbaijan,37
132,Dominican Republic,36
144,Solomon Islands,36
131,Slovakia,35
54,Cameroon,33
100,Malawi,32
164,Vanuatu,31
22,Niger,30
29,Mauritania,30
104,Liberia,29
93,Tunisia,29
163,Puerto Rico,29
135,Netherlands,29
157,Fiji,28
87,Kyrgyzstan,28
168,Jamaica,28
69,Cote d'Ivoire,27
64,"Congo, Republic of the",27
53,Turkmenistan,26
117,Serbia,26
156,New Caledonia,25
24,Mali,25
129,Bosnia and Herzegovina,24
96,Tajikistan,24
142,Lesotho,24
75,Burkina Faso,23
227,Antarctica,23
121,Georgia,22
88,Senegal,20
187,Kiribati,19
122,Sri Lanka,19
95,Bangladesh,18
112,Jordan,18
133,Estonia,18
90,Cambodia,16
155,Slovenia,16
79,Guinea,16
171,Cyprus,15
217,Marshall Islands,15
12,Greenland,15
148,Haiti,14
159,Swaziland,14
199,Seychelles,14
101,Eritrea,13
151,Djibouti,13
215,Cook Islands,11
143,Armenia,11
150,Macedonia,10
82,Ghana,10
176,Cabo Verde,9
192,Singapore,9
210,Maldives,9
170,Lebanon,8
138,Guinea-Bissau,8
126,Togo,8
186,Turks and Caicos Islands,8
119,Sierra Leone,8
147,Burundi,7
146,Equatorial Guinea,7
149,Rwanda,7
158,Kuwait,7
140,Moldova,7
165,Falkland Islands (Islas Malvinas),7
102,Benin,6
191,"Micronesia, Federated States of",6
169,Kosovo,6
78,Western Sahara,6
190,Tonga,6
160,Timor-Leste,6
204,Saint Vincent and the Grenadines,6
166,Qatar,6
197,Northern Mariana Islands,5
181,Mauritius,5
162,Montenegro,5
195,Guam,5
145,Albania,4
188,Bahrain,4
180,Comoros,4
230,French Southern and Antarctic Lands,4
178,Samoa,4
125,Svalbard,4
174,Trinidad and Tobago,4
220,British Virgin Islands,4
248,Spratly Islands,4
201,Antigua and Barbuda,3
216,American Samoa,3
198,Palau,3
207,Grenada,3
211,Cayman Islands,3
227,Anguilla,2
137,Bhutan,2
189,Dominica,2
228,Guernsey,2
184,Hong Kong,2
179,Luxembourg,2
221,Wallis and Futuna,2
212,Saint Kitts and Nevis,2
193,Saint Lucia,2
185,Sao Tome and Principe,2
182,Virgin Islands,2
172,West Bank,2
214,Saint Pierre and Miquelon,2
218,Aruba,1
244,Wake Island,1
232,Bermuda,1
173,Brunei,1
241,Cocos (Keeling) Islands,1
183,Faroe Islands,1
167,"Gambia, The",1
243,Gibraltar,1
206,Gaza Strip,1
194,Isle of Man,1
128,British Indian Ocean Territory,1
225,Jersey,1
205,Jan Mayen,1
222,Christmas Island,1
237,Macau,1
226,Montserrat,1
208,Malta,1
213,Niue,1
235,Norfolk Island,1
240,Nauru,1
55,Paracel Islands,1
231,Saint Martin,1
209,"Saint Helena, Ascension, and Tristan da Cunha",1
236,Sint Maarten,1
149,Saint Barthelemy,1
238,Tuvalu,1
202,Barbados,1
